total_revenue,total_visits,revenue_per_visit,traffic_medium,value_rank,volume_rank
73414.36,63678,1.152899902635133,organic,3,2
79.71,7885,0.010109067850348763,affiliate,5,3
11701.49,3618,3.2342426755113323,cpm,1,5
25508.58,192973,0.13218730081410354,referral,4,1
7153.67,4105,1.7426723507917175,cpc,2,4